,,"",,,{20200},liuxiao,add,v0.1,1555055461886,1555055461886,0101000020E610000011A62897C6145E40C467C0FD2D7B3F40,1750382202,{emg},1911415686753681409,320211,新震泽秀水坊,新震泽秀水坊,"",xin zhen ze xiu shui fang,江苏省,无锡市,滨湖区,"",,,,"",,"",,,,,11365,"{""type"":""Point"",""coordinates"":[120.324621,31.4811705202808]}"
,,"",,,{20200},liuxiao,add,v0.1,1555055461886,1555055461886,0101000020E610000052C72007D6125E401EABCE14A17B3F40,1750308553,{emg},1911415686339493889,320211,中国移动无锡生产调度中心,中国移动无锡生产调度中心,"",zhong guo yi dong wu xi sheng chan diao du zhong xin,江苏省,无锡市,滨湖区,"",,,,"",,"",,,,,8944,"{""type"":""Point"",""coordinates"":[120.294313222895,31.4829266552507]}"
,,"",,,{20200},liuxiao,add,v0.1,1555055461886,1555055461886,0101000020E610000044499C1BCA155E40063D64FE89793F40,1750309097,{emg},1911415686788284417,320211,华庄商业广场,华庄商业广场,"",hua zhuang shang ye guang chang,江苏省,无锡市,滨湖区,"",,,,瑞景道,,199号,,,,,8945,"{""type"":""Point"",""coordinates"":[120.340460684417,31.4747618670199]}"
,,{0510-88680888},,,{20200},liuxiao,add,v0.1,1555055461886,1555055461886,0101000020E6100000833D5D0663135E40F71D2F3D167D3F40,1750382243,{emg},1911415686718029825,320211,海岸城南门,海岸城南门,"",hai an cheng nan men,江苏省,无锡市,滨湖区,"",,,,立信大道,,168号,,,,,11429,"{""type"":""Point"",""coordinates"":[120.302918997817,31.488620590213]}"
,,"",,,{20200},liuxiao,add,v0.1,1555055461886,1555055461886,0101000020E61000003A68A15445115E40E726AE9C40873F40,1750065094,{emg},1911415687221346305,320211,蠡湖大厦,蠡湖大厦,"",li hu da sha,江苏省,无锡市,滨湖区,"",,,,湖滨街,,15号,,,,,19580,"{""type"":""Point"",""coordinates"":[120.269856603264,31.5283296513725]}"
,,"",,,{20200},liuxiao,add,v0.1,1555055461886,1555055461886,0101000020E61000005320B4734F125E4085BF47FBA08F3F40,1750334363,{emg},1911415692128681985,320211,江南航运大厦,江南航运大厦,"",jiang nan hang yun da sha,江苏省,无锡市,滨湖区,"",,,,运河西路,,1596号,,,,,9452,"{""type"":""Point"",""coordinates"":[120.286099363236,31.561050133721]}"
,,"",,,{20200},liuxiao,add,v0.1,1555055461886,1555055461886,0101000020E61000003750E09D7C115E408125B14088773F40,1750334721,{emg},1911415686210519041,320211,易明昌大厦,易明昌大厦,"",yi ming chang da sha,江苏省,无锡市,滨湖区,"",,,,栋泽路,,9号,,,,,9455,"{""type"":""Point"",""coordinates"":[120.273231,31.4669228012549]}"
,,"",,,{20200},liuxiao,add,v0.1,1555055461886,1555055461886,0101000020E610000074167D3C25165E4044376BADCD7B3F40,1750220273,{emg},1911415686809255937,320211,建工大楼,建工大楼,"",jian gong da lou,江苏省,无锡市,滨湖区,"",,,,华清大道,,"",,,,,5462,"{""type"":""Point"",""coordinates"":[120.346022722393,31.4836071383245]}"
,,"",,,{20200},liuxiao,add,v0.1,1555055461886,1555055461886,0101000020E61000000EF96706F1125E400554256E6A793F40,1750221430,{emg},1911415686334251009,320211,双新科技园,双新科技园,"",shuang xin ke ji yuan,江苏省,无锡市,滨湖区,"",,,,震泽路,,688号,,,,,5463,"{""type"":""Point"",""coordinates"":[120.295961,31.4742802468427]}"
,,"",,,{20200},liuxiao,add,v0.1,1555055461886,1555055461886,0101000020E6100000F9E48B02FC105E40B600FFEA09903F40,1750294383,{emg},1911415692171673601,320211,太湖大厦,太湖大厦,"",tai hu da sha,江苏省,无锡市,滨湖区,"",,,,梁溪路,,45号,,,,,7618,"{""type"":""Point"",""coordinates"":[120.265381466499,31.5626513359609]}"
,,"",,,{20200},liuxiao,add,v0.1,1555055461886,1555055461886,0101000020E6100000D7C0BD65DC0F5E40FD221D4508803F40,1750343552,{emg},1911415687499218945,320211,淡水渔业研究中心留学生公寓,淡水渔业研究中心留学生公寓,"",dan shui yu ye yan jiu zhong xin liu xue sheng gong yu,江苏省,无锡市,滨湖区,雪浪街道,,,,山水西路,,9号,,,,,9714,"{""type"":""Point"",""coordinates"":[120.247826991373,31.5001261898169]}"
,,{0510-85126032},,,{20200},liuxiao,add,v0.1,1555055461886,1555055461886,0101000020E6100000C8435F108A105E404203ACECA88A3F40,1750343623,{emg},1911415692244025349,320211,房天下(城开国际电商服务中心),房天下(城开国际电商服务中心),"",fang tian xia cheng kai guo ji dian shang fu wu zhong xin,江苏省,无锡市,滨湖区,"",,,,隐秀路,,"",,,,,9716,"{""type"":""Point"",""coordinates"":[120.258426754982,31.5416400833085]}"
,,"",,,{20200},liuxiao,add,v0.1,1555055461886,1555055461886,0101000020E6100000BE89213999135E40771CDE59DA7C3F40,1750345884,{emg},1911415686714884101,320211,太湖新城金融商务街,太湖新城金融商务街,"",tai hu xin cheng jin rong shang wu jie,江苏省,无锡市,滨湖区,"",,,,第一街,,11号,,,,,9722,"{""type"":""Point"",""coordinates"":[120.306227,31.4877067725433]}"
,,"",,,{20200},liuxiao,add,v0.1,1555055461886,1555055461886,0101000020E6100000C2FBAA5CA8135E40A39955B84A7C3F40,1750345885,{emg},1911415686715932673,320211,嘉凯城,嘉凯城,"",jia kai cheng,江苏省,无锡市,滨湖区,"",,,,"",,"",,,,,9723,"{""type"":""Point"",""coordinates"":[120.307151,31.4855151375756]}"
,,"",,,{20200},liuxiao,add,v0.1,1555055461886,1555055461886,0101000020E6100000164F3DD2E0115E401AE5608FC37B3F40,1750345909,{emg},1911415686320619521,320211,融创星光广场,融创星光广场,"",rong chuang xing guang guang chang,江苏省,无锡市,滨湖区,"",,,,"",,"",,,,,9726,"{""type"":""Point"",""coordinates"":[120.279347,31.4834527598915]}"
,,"",,,{20200},liuxiao,add,v0.1,1555055461886,1555055461886,0101000020E610000026C632FD12105E40C704A666208E3F40,1750182664,{emg},1911415688693547009,320211,龙山大厦,龙山大厦,"",long shan da sha,江苏省,无锡市,滨湖区,荣巷街道,,,,梁清路,,555号,,,,,3286,"{""type"":""Point"",""coordinates"":[120.251159,31.555181899578]}"
,,"",,,{20200},liuxiao,add,v0.1,1555055461886,1555055461886,0101000020E61000001CD2A8C0C90F5E4035B7FCA5098C3F40,1750182764,{emg},1911415688680964098,320211,530大厦2号楼,530大厦2号楼,"",wu san ling da sha er hao lou,江苏省,无锡市,滨湖区,"",,,,滴翠路,,100号,,,,,3287,"{""type"":""Point"",""coordinates"":[120.246689,31.5470222227079]}"
,,"",,,{20200},liuxiao,add,v0.1,1555055461886,1555055461886,0101000020E61000009C989F72B20F5E409F838540D48B3F40,1750182765,{emg},1911415688680964099,320211,润地利大厦,润地利大厦,"",run di li da sha,江苏省,无锡市,滨湖区,"",,,,滴翠路,,"",,,,,3288,"{""type"":""Point"",""coordinates"":[120.245266586166,31.5462074590647]}"
,,"",,,{20200},liuxiao,add,v0.1,1555055461886,1555055461886,0101000020E6100000BE987F342D105E40B62E2125CC8B3F40,1750182991,{emg},1911415688686206977,320211,研创大厦,研创大厦,"",yan chuang da sha,江苏省,无锡市,滨湖区,"",,,,吟白路,,188号,,,,,3289,"{""type"":""Point"",""coordinates"":[120.252759098631,31.5460837560665]}"
,,"",,,{20200},liuxiao,add,v0.1,1555055461886,1555055461886,0101000020E61000006DFDF49F35105E405606402D918A3F40,1750183140,{emg},1911415688674672641,320211,中锐佳诚国际大厦B座,中锐佳诚国际大厦B座,"",zhong rui jia cheng guo ji da sha B zuo,江苏省,无锡市,滨湖区,"",,,,太湖西大道,,2166号,,,,,3290,"{""type"":""Point"",""coordinates"":[120.253273,31.54127772153]}"
,,"",,,{20200},liuxiao,add,v0.1,1555055461886,1555055461886,0101000020E610000093794CF9DC105E408F35D29BB58F3F40,1750183920,{emg},1911415692174819329,320211,万达广场写字楼,万达广场写字楼,"",wan da guang chang xie zi lou,江苏省,无锡市,滨湖区,"",,,,梁溪路,,35号,,,,,3291,"{""type"":""Point"",""coordinates"":[120.263487171824,31.5613648784834]}"
,,"",,,{20200},liuxiao,add,v0.1,1555055461886,1555055461886,0101000020E610000025D73F7842125E404CA714C89E873F40,1750298315,{emg},1911415692279676929,320211,中南发展大厦,中南发展大厦,"",zhong nan fa zhan da sha,江苏省,无锡市,滨湖区,"",,,,隐秀路,,"",,,,,8461,"{""type"":""Point"",""coordinates"":[120.285306989998,31.5297665644096]}"
,,"",,,{20200},liuxiao,add,v0.1,1555055461886,1555055461886,0101000020E6100000E4671B4D6B125E409998E9ED19883F40,1750298392,{emg},1911415692281774081,320211,蠡湖·科创中心,蠡湖·科创中心,"",li hu ke chuang zhong xin,江苏省,无锡市,滨湖区,"",,,,五湖大道,,11号,,,,,8462,"{""type"":""Point"",""coordinates"":[120.287799145473,31.5316456504157]}"
,,"",,,{20200},liuxiao,add,v0.1,1555055461886,1555055461886,0101000020E61000006BD5AE0969125E40F50B522956883F40,1750298394,{emg},1911415692281774082,320211,蠡湖·科创中心A栋,蠡湖·科创中心A栋,"",li hu ke chuang zhong xin A dong,江苏省,无锡市,滨湖区,"",,,,五湖大道,,9号,,,,,8463,"{""type"":""Point"",""coordinates"":[120.287661,31.5325647187528]}"
,,"",,,{20200},liuxiao,add,v0.1,1555055461886,1555055461886,0101000020E6100000407504C66A125E40BAA945CCEB873F40,1750298395,{emg},1911415692278628353,320211,蠡湖·科创中心B栋,蠡湖·科创中心B栋,"",li hu ke chuang zhong xin B dong,江苏省,无锡市,滨湖区,"",,,,五湖大道,,11号,,,,,8464,"{""type"":""Point"",""coordinates"":[120.287766937593,31.5309417409969]}"
,,"",,,{20200},liuxiao,add,v0.1,1555055461886,1555055461886,0101000020E6100000DF18028063105E40FB7B952BEC8B3F40,1750302122,{emg},1911415692232491014,320211,联创大厦,联创大厦,"",lian chuang da sha,江苏省,无锡市,滨湖区,"",,,,隐秀路,,901号,,,,,8471,"{""type"":""Point"",""coordinates"":[120.256073,31.546572422023]}"
,,"",,,{20200},liuxiao,add,v0.1,1555055461886,1555055461886,0101000020E610000069A7E67283105E407DC30890BD8A3F40,1750302123,{emg},1911415692244025353,320211,上海中心城开国际,上海中心城开国际,"",shang hai zhong xin cheng kai guo ji,江苏省,无锡市,滨湖区,"",,,,隐秀路,,800号,,,,,8472,"{""type"":""Point"",""coordinates"":[120.258023,31.5419549962421]}"
,,"",,,{20200},liuxiao,add,v0.1,1555055461886,1555055461886,0101000020E6100000BBB319D870105E40370663BFE98A3F40,1750302124,{emg},1911415692244025354,320211,花样年.喜年,花样年.喜年,"",hua yang nian xi nian,江苏省,无锡市,滨湖区,"",,,,隐秀路,,"",,,,,8473,"{""type"":""Point"",""coordinates"":[120.25688745985,31.5426292053946]}"
,,"",,,{20200},liuxiao,add,v0.1,1555055461886,1555055461886,0101000020E610000033880FECF80E5E40110BCC65B9963F40,1750153510,{emg},1911415688921088001,320211,天成大厦,天成大厦,"",tian cheng da sha,江苏省,无锡市,滨湖区,"",,,,钱荣路,,118号,,,,,2588,"{""type"":""Point"",""coordinates"":[120.233943,31.5887664435532]}"
,,"",,,{20200},liuxiao,add,v0.1,1555055461886,1555055461886,0101000020E61000004E50349FE80F5E40D6EFC4E83E8C3F40,1750354489,{emg},1911415688685158401,320211,金源科技大厦,金源科技大厦,"",jin yuan ke ji da sha,江苏省,无锡市,滨湖区,"",,,,建筑西路,,581号,,,,,9963,"{""type"":""Point"",""coordinates"":[120.248573113525,31.5478349190524]}"
,,"",,,{20200},liuxiao,add,v0.1,1555055461886,1555055461886,0101000020E61000004D11E0F42E115E4050708F9F74783F40,1750357595,{emg},1911415686293356545,320211,长广溪旭天科技谷,长广溪旭天科技谷,"",chang guang xi xu tian ke ji gu,江苏省,无锡市,滨湖区,"",,,,绣溪道,,55号,,,,,10372,"{""type"":""Point"",""coordinates"":[120.268491,31.4705295300667]}"
,,"",,,{20200},liuxiao,add,v0.1,1555055461886,1555055461886,0101000020E610000081D67AD1F9135E40910D439FBB7A3F40,1750357626,{emg},1911415686707544065,320211,新城发展大厦,新城发展大厦,"",xin cheng fa zhan da sha,江苏省,无锡市,滨湖区,"",,,,丰润道西,,"",,,,,10374,"{""type"":""Point"",""coordinates"":[120.312122697791,31.4794253863052]}"
,,"",,,{20200},liuxiao,add,v0.1,1555055461886,1555055461886,0101000020E610000018BA2C7F31125E40EB2EC1F4CB8B3F40,1750369461,{emg},1911415692295405569,320211,资料室,资料室,"",zi liao shi,江苏省,无锡市,滨湖区,"",,,,湖滨路,,651号,,,,,10502,"{""type"":""Point"",""coordinates"":[120.284271043471,31.546080872692]}"
,,"",,,{20200},liuxiao,add,v0.1,1555055461886,1555055461886,0101000020E6100000F7A7F8354D105E404E89C548D18B3F40,1750370263,{emg},1911415688687255553,320211,西BD联创大厦,西BD联创大厦,"",xi BD lian chuang da sha,江苏省,无锡市,滨湖区,"",,,,隐秀路太湖大道,,"",,,,,10503,"{""type"":""Point"",""coordinates"":[120.254712574795,31.546162174441]}"
,,"",,,{20200},liuxiao,add,v0.1,1555055461886,1555055461886,0101000020E6100000BEBC00FBE80D5E405BAB463FE38C3F40,1750089942,{emg},1911415688589737985,320211,恒大发展大厦,恒大发展大厦,"",heng da fa zhan da sha,江苏省,无锡市,滨湖区,"",,,,十八湾路,,17号,,,,,291,"{""type"":""Point"",""coordinates"":[120.217345,31.5503425166638]}"
,,"",,,{20200},liuxiao,add,v0.1,1555055461886,1555055461886,0101000020E6100000C7629B54340F5E40BF88304D6D8D3F40,1750090089,{emg},1911415688707178497,320211,洪业大厦,洪业大厦,"",hong ye da sha,江苏省,无锡市,滨湖区,"",,,,梁清路,,"",,,,,292,"{""type"":""Point"",""coordinates"":[120.237569,31.5524490588657]}"
,,{0510-85872000},,,{20200},liuxiao,add,v0.1,1555055461886,1555055461886,0101000020E610000060234910AE115E40BB82EF40AD8F3F40,1750093303,{emg},1911415692143362051,320211,华邸国际大厦,华邸国际大厦,"",hua di guo ji da sha,江苏省,无锡市,滨湖区,"",,,,梁清路,,"",,,,,293,"{""type"":""Point"",""coordinates"":[120.276249,31.5612373909705]}"
,,{0510-85137688},,,{20200},liuxiao,add,v0.1,1555055461886,1555055461886,0101000020E61000002A3B4A90E60F5E40E9914C66908A3F40,1750090555,{emg},1911415688667332609,320211,华仁·逸景国际大厦,华仁·逸景国际大厦,"",hua ren yi jing guo ji da sha,江苏省,无锡市,滨湖区,"",,,,太湖大道,,2288号,,,,,294,"{""type"":""Point"",""coordinates"":[120.248447487346,31.5412658631266]}"
,,"",,,{20200},liuxiao,add,v0.1,1555055461886,1555055461886,0101000020E6100000789BD38607105E4036341DC4EC8A3F40,1750090560,{emg},1911415688673624066,320211,无锡现代国际工业设计大厦,无锡现代国际工业设计大厦,"",wu xi xian dai guo ji gong ye she ji da sha,江苏省,无锡市,滨湖区,"",,,,太湖西大道,,2188号,,,,,295,"{""type"":""Point"",""coordinates"":[120.250459391258,31.5426752635287]}"
,,"",,,{20200},liuxiao,add,v0.1,1555055461886,1555055461886,0101000020E610000093E15053EA0F5E40E6C635FD7C8C3F40,1750090578,{emg},1911415688685158402,320211,建苑大厦,建苑大厦,"",jian yuan da sha,江苏省,无锡市,滨湖区,"",,,,建筑路,,"",,,,,296,"{""type"":""Point"",""coordinates"":[120.248677090631,31.5487821823398]}"
,,{0510-85898222},,,{20200},liuxiao,add,v0.1,1555055461886,1555055461886,0101000020E61000003EE8D9ACFA0F5E408AC9774C4C8C3F40,1750090579,{emg},1911415688685158403,320211,宝通大厦,宝通大厦,"",bao tong da sha,江苏省,无锡市,滨湖区,"",,,,建筑路,,"",,,,,297,"{""type"":""Point"",""coordinates"":[120.249675,31.5480392258119]}"
,,"",,,{20200},liuxiao,add,v0.1,1555055461886,1555055461886,0101000020E610000043C9E4D4CE0F5E4075F67FCFB38B3F40,1750090589,{emg},1911415688680964100,320211,530大厦1号楼,530大厦1号楼,"",wu san ling da sha yi hao lou,江苏省,无锡市,滨湖区,"",,,,滴翠路,,100号,,,,,298,"{""type"":""Point"",""coordinates"":[120.246999,31.5457124411973]}"
,,"",,,{20200},liuxiao,add,v0.1,1555055461886,1555055461886,0101000020E6100000E0AB2EA60F105E404E4335BDE88B3F40,1750090599,{emg},1911415688686206979,320211,神洲大厦,神洲大厦,"",shen zhou da sha,江苏省,无锡市,滨湖区,"",,,,鸿桥路,,889号,,,,,299,"{""type"":""Point"",""coordinates"":[120.250955148294,31.5465200667416]}"
,,"",,,{20200},liuxiao,add,v0.1,1555055461886,1555055461886,0101000020E6100000E6E46743850F5E40E5D28FA87B8B3F40,1750090657,{emg},1911415688659992577,320211,湖滨三创楼,湖滨三创楼,"",hu bin san chuang lou,江苏省,无锡市,滨湖区,"",,,,景宜路,,18号,,,,,300,"{""type"":""Point"",""coordinates"":[120.242508746585,31.5448556281216]}"
,,"",,,{20200},liuxiao,add,v0.1,1555055461886,1555055461886,0101000020E6100000412E71E4810F5E406D4DAC3C7A8B3F40,1755090657,{emg},1911415688659992578,320211,湖滨三创楼,湖滨三创楼,"",hu bin san chuang lou,江苏省,无锡市,滨湖区,"",,,,景宜路,,18号,,,,,301,"{""type"":""Point"",""coordinates"":[120.242303,31.5448339386616]}"
,,"",,,{20200},liuxiao,add,v0.1,1555055461886,1555055461886,0101000020E6100000D575A8A624105E40B9DD18E9968A3F40,1750090666,{emg},1911415688673624067,320211,中锐佳诚国际大厦A座,中锐佳诚国际大厦A座,"",zhong rui jia cheng guo ji da sha A zuo,江苏省,无锡市,滨湖区,"",,,,太湖西大道,,2168号,,,,,302,"{""type"":""Point"",""coordinates"":[120.252237,31.5413652120312]}"
,,"",,,{20200},liuxiao,add,v0.1,1555055461886,1555055461886,0101000020E6100000FF58880E81105E403634C2C5048B3F40,1750355558,{emg},1911415692244025352,320211,蠡园开发区创业园A5楼,蠡园开发区创业园A5楼,"",li yuan kai fa qu chuang ye yuan A wu lou,江苏省,无锡市,滨湖区,"",,,,"",,"",,,,,10197,"{""type"":""Point"",""coordinates"":[120.257877,31.5430415724879]}"
,,"",,,{20200},liuxiao,add,v0.1,1555055461886,1555055461886,0101000020E6100000EA3E00A94D0F5E407B2ED004368C3F40,1750285206,{emg},1911415688657895425,320211,华东总部大厦,华东总部大厦,"",hua dong zong bu da sha,江苏省,无锡市,滨湖区,"",,,,"",,"",,,,,7763,"{""type"":""Point"",""coordinates"":[120.239115,31.547699261499]}"
,,"",,,{20200},liuxiao,add,v0.1,1555055461886,1555055461886,0101000020E61000000F0D8B51D70F5E40156630674E8B3F40,1750285297,{emg},1911415688678866945,320211,无锡国家工业设计知识产权园A座,无锡国家工业设计知识产权园A座,"",wu xi guo jia gong ye she ji zhi shi chan quan yuan A zuo,江苏省,无锡市,滨湖区,"",,,,滴翠路,,100号,,,,,7764,"{""type"":""Point"",""coordinates"":[120.247517,31.544165086094]}"
,,"",,,{20200},liuxiao,add,v0.1,1555055461886,1555055461886,0101000020E6100000CA181F662F105E40662CB89D948A3F40,1750285840,{emg},1911415688673624065,320211,中锐佳诚国际大厦,中锐佳诚国际大厦,"",zhong rui jia cheng guo ji da sha,江苏省,无锡市,滨湖区,"",,,,太湖西大道,,2168号,,,,,7765,"{""type"":""Point"",""coordinates"":[120.252893,31.5413302015917]}"
,,"",,,{20200},liuxiao,add,v0.1,1555055461886,1555055461886,0101000020E6100000F793313ECC0F5E4082E65E7FE38B3F40,1750285841,{emg},1911415688680964097,320211,530大厦,530大厦,"",wu san ling da sha,江苏省,无锡市,滨湖区,"",,,,滴翠路,,100号,,,,,7766,"{""type"":""Point"",""coordinates"":[120.246841,31.5464400870028]}"
,,"",,,{20200},liuxiao,add,v0.1,1555055461886,1555055461886,0101000020E6100000AF15F1F50A125E40E192A1EC5D8F3F40,1750291470,{emg},1911415692124487681,320211,无锡广电大厦,无锡广电大厦,"",wu xi guang dian da sha,江苏省,无锡市,滨湖区,"",,,,湖滨路,,4号,,,,,7780,"{""type"":""Point"",""coordinates"":[120.281918988642,31.5600269216983]}"
,,"",,,{20200},liuxiao,add,v0.1,1555055461886,1555055461886,0101000020E6100000CFF9298E03125E4065BC1A1B748F3F40,1750194040,{emg},1911415692121341953,320211,无锡广电综合服务楼,无锡广电综合服务楼,"",wu xi guang dian zong he fu wu lou,江苏省,无锡市,滨湖区,"",,,,"",,"",,,,,3762,"{""type"":""Point"",""coordinates"":[120.281467,31.5603653850816]}"
,,"",,,{20200},liuxiao,add,v0.1,1555055461886,1555055461886,0101000020E6100000078E40C65C105E409115E04BF98B3F40,1750198863,{emg},1911415688687255555,320211,联创大厦辅楼(西门),联创大厦辅楼(西门),"",lian chuang da sha fu lou xi men,江苏省,无锡市,滨湖区,"",,,,"",,"",,,,,3774,"{""type"":""Point"",""coordinates"":[120.255662501375,31.5467727109986]}"
,,"",,,{20200},liuxiao,add,v0.1,1555055461886,1555055461886,0101000020E61000003602F1BA7E105E40A89FAA529D8B3F40,1750198865,{emg},1911415692232491013,320211,蠡园开发区创业园A1楼,蠡园开发区创业园A1楼,"",li yuan kai fa qu chuang ye yuan A yi lou,江苏省,无锡市,滨湖区,"",,,,隐秀路,,882号,,,,,3775,"{""type"":""Point"",""coordinates"":[120.257735,31.5453693071901]}"
,,"",,,{20200},liuxiao,add,v0.1,1555055461886,1555055461886,0101000020E61000003133589355105E4048704F95E38B3F40,1750198876,{emg},1911415688687255556,320211,联创大厦西楼,联创大厦西楼,"",lian chuang da sha xi lou,江苏省,无锡市,滨湖区,"",,,,"",,"",,,,,3776,"{""type"":""Point"",""coordinates"":[120.255223117955,31.546441394705]}"
,,"",,,{20200},liuxiao,add,v0.1,1555055461886,1555055461886,0101000020E610000038BF61A241115E40D734ACCC978C3F40,1750199138,{emg},1911415692220956673,320211,安康通服务大楼,安康通服务大楼,"",an kang tong fu wu da lou,江苏省,无锡市,滨湖区,"",,,,"",,300号,,,,,3777,"{""type"":""Point"",""coordinates"":[120.269631,31.5491912765909]}"
,,{0510-89087023},,,{20200},liuxiao,add,v0.1,1555055461886,1555055461886,0101000020E6100000830575815A115E40B0D3AF9CAA8C3F40,1750199435,{emg},1911415692219908097,320211,鼎牌国际公寓,鼎牌国际公寓,"",ding pai guo ji gong yu,江苏省,无锡市,滨湖区,"",,,,建筑路,,"",,,,,3778,"{""type"":""Point"",""coordinates"":[120.271149029044,31.5494783334031]}"
,,"",,,{20200},liuxiao,add,v0.1,1555055461886,1555055461886,0101000020E6100000D28E1B7E37125E4075150531978B3F40,1750199603,{emg},1911415692295405572,320211,时代杰都,时代杰都,"",shi dai jie du,江苏省,无锡市,滨湖区,"",,,,湖滨路,,655号,,,,,3779,"{""type"":""Point"",""coordinates"":[120.284637,31.5452757489597]}"
,,{0510-80172999},,,{20200},liuxiao,add,v0.1,1555055461886,1555055461886,0101000020E61000002FAFE3A733125E4017F9036C5A8C3F40,1750199605,{emg},1911415692114001921,320211,苏豪国际大厦B栋,苏豪国际大厦B栋,"",su hao guo ji da sha B dong,江苏省,无锡市,滨湖区,"",,,,湖滨路,,621号,,,,,3780,"{""type"":""Point"",""coordinates"":[120.284402820919,31.5482547292423]}"
,,"",,,{20200},liuxiao,add,v0.1,1555055461886,1555055461886,0101000020E61000009F1C058882105E4096ADEED6BC8A3F40,1750200355,{emg},1911415692244025350,320211,上海中心城开国际A座,上海中心城开国际A座,"",shang hai zhong xin cheng kai guo ji A zuo,江苏省,无锡市,滨湖区,"",,,,"",,"",,,,,3782,"{""type"":""Point"",""coordinates"":[120.257967,31.5419439633093]}"
,,"",,,{20200},liuxiao,add,v0.1,1555055461886,1555055461886,0101000020E6100000BE8D243F85105E4066731D2ABE8A3F40,1750200356,{emg},1911415692244025351,320211,上海中心城开国际B座,上海中心城开国际B座,"",shang hai zhong xin cheng kai guo ji B zuo,江苏省,无锡市,滨湖区,"",,,,隐秀路,,800号,,,,,3783,"{""type"":""Point"",""coordinates"":[120.258132730195,31.541964180174]}"
,,"",,,{20200},liuxiao,add,v0.1,1555055461886,1555055461886,0101000020E61000006DC9AA0837125E4022F14414558C3F40,1750293232,{emg},1911415692114001922,320211,苏豪国际大厦,苏豪国际大厦,"",su hao guo ji da sha,江苏省,无锡市,滨湖区,河埒街道,,,,湖滨路,,623号,,,,,7967,"{""type"":""Point"",""coordinates"":[120.284609,31.548173205215]}"
,,"",,,{20200},liuxiao,add,v0.1,1555055461886,1555055461886,0101000020E61000005DFB027AE1115E403651315DE6893F40,1750293969,{emg},1911415692289114113,320211,蠡湖·商旅大厦(北门),蠡湖·商旅大厦(北门),"",li hu shang lv da sha bei men,江苏省,无锡市,滨湖区,"",,,,"",,"",,,,,7970,"{""type"":""Point"",""coordinates"":[120.279387,31.5386713261989]}"
,,"",,,{20200},liuxiao,add,v0.1,1555055461886,1555055461886,0101000020E61000007CFDAD36DB115E4009F85198DA893F40,1750293972,{emg},1911415692288065537,320211,蠡湖·商旅大厦,蠡湖·商旅大厦,"",li hu shang lv da sha,江苏省,无锡市,滨湖区,"",,,,中南西路,,88号,,,,,7971,"{""type"":""Point"",""coordinates"":[120.279004735863,31.5384917450065]}"
,,"",,,{20200},liuxiao,add,v0.1,1555055461886,1555055461886,0101000020E610000022BF943B53135E408F92D2EE05813F40,1750295042,{emg},1911415687036796929,320211,太湖嘉汇广场,太湖嘉汇广场,"",tai hu jia hui guang chang,江苏省,无锡市,滨湖区,"",,,,"",,"",,,,,7973,"{""type"":""Point"",""coordinates"":[120.301955123196,31.5039967788785]}"
,,"",,,{20200},liuxiao,add,v0.1,1555055461886,1555055461886,0101000020E6100000725303CDE7155E40327E8160EE803F40,1750295281,{emg},1911415686873219074,320211,传感园区一期A1幢,传感园区一期A1幢,"",chuan gan yuan qu yi qi A yi zhuang,江苏省,无锡市,滨湖区,"",,,,"",,"",,,,,7974,"{""type"":""Point"",""coordinates"":[120.342273,31.5036373439927]}"
,,"",,,{20200},liuxiao,add,v0.1,1555055461886,1555055461886,0101000020E61000008FD37DBEEC155E40CBEA9F65C1803F40,1750295283,{emg},1911415686874267649,320211,传感园区一期A2幢,传感园区一期A2幢,"",chuan gan yuan qu yi qi A er zhuang,江苏省,无锡市,滨湖区,"",,,,"",,"",,,,,7975,"{""type"":""Point"",""coordinates"":[120.34257471359,31.5029510035918]}"
,,"",,,{20200},liuxiao,add,v0.1,1555055461886,1555055461886,0101000020E61000002F6AF7AB00165E4028EC00A9CC803F40,1750295285,{emg},1911415686874267650,320211,传感园区一期C2幢,传感园区一期C2幢,"",chuan gan yuan qu yi qi C er zhuang,江苏省,无锡市,滨湖区,"",,,,"",,"",,,,,7976,"{""type"":""Point"",""coordinates"":[120.343791,31.5031228663685]}"
,,"",,,{20200},liuxiao,add,v0.1,1555055461886,1555055461886,0101000020E6100000915CE484FD155E40273FF0DFFA803F40,1750295286,{emg},1911415686874267651,320211,传感园区一期C1幢,传感园区一期C1幢,"",chuan gan yuan qu yi qi C yi zhuang,江苏省,无锡市,滨湖区,"",,,,"",,"",,,,,7977,"{""type"":""Point"",""coordinates"":[120.343598578462,31.5038280450382]}"
,,"",,,{20200},liuxiao,add,v0.1,1555055461886,1555055461886,0101000020E61000009F758D9603165E407CECDE5AAB803F40,1750295287,{emg},1911415686874267652,320211,传感园区一期D2幢,传感园区一期D2幢,"",chuan gan yuan qu yi qi D er zhuang,江苏省,无锡市,滨湖区,"",,,,"",,"",,,,,7978,"{""type"":""Point"",""coordinates"":[120.343969,31.5026146692512]}"
,,"",,,{20200},liuxiao,add,v0.1,1555055461886,1555055461886,0101000020E610000079399D7205165E40FD8B09538B803F40,1750295289,{emg},1911415686874267653,320211,传感园区一期D1幢,传感园区一期D1幢,"",chuan gan yuan qu yi qi D yi zhuang,江苏省,无锡市,滨湖区,"",,,,"",,"",,,,,7979,"{""type"":""Point"",""coordinates"":[120.344082501926,31.502125921088]}"
,,"",,,{20200},liuxiao,add,v0.1,1555055461886,1555055461886,0101000020E61000002C6D3120F2155E408580D0D580803F40,1750295290,{emg},1911415686874267654,320211,传感园区一期B1幢,传感园区一期B1幢,"",chuan gan yuan qu yi qi B yi zhuang,江苏省,无锡市,滨湖区,"",,,,"",,"",,,,,7980,"{""type"":""Point"",""coordinates"":[120.342903183239,31.501965869335]}"
,,"",,,{20200},liuxiao,add,v0.1,1555055461886,1555055461886,0101000020E61000009D9FE238F0155E4097E391EA9B803F40,1750295291,{emg},1911415686874267655,320211,传感园区一期B2幢,传感园区一期B2幢,"",chuan gan yuan qu yi qi B er zhuang,江苏省,无锡市,滨湖区,"",,,,"",,"",,,,,7981,"{""type"":""Point"",""coordinates"":[120.342787,31.502379093759]}"
,,"",,,{20200},liuxiao,add,v0.1,1555055461886,1555055461886,0101000020E6100000ACC5A70018165E4040C55189BB7F3F40,1750295292,{emg},1911415686864830465,320211,中天国际大厦,中天国际大厦,"",zhong tian guo ji da sha,江苏省,无锡市,滨湖区,"",,,,观山路,,52-56号,,,,,7982,"{""type"":""Point"",""coordinates"":[120.345215,31.4989553284297]}"
,,"",,,{20200},liuxiao,add,v0.1,1555055461886,1555055461886,0101000020E6100000C6FE733071105E40848B7079E18A3F40,1750200359,{emg},1911415692244025345,320211,花样年.喜年A座,花样年.喜年A座,"",hua yang nian xi nian A zuo,江苏省,无锡市,滨湖区,"",,,,"",,"",,,,,4013,"{""type"":""Point"",""coordinates"":[120.256908524777,31.542502965905]}"
,,"",,,{20200},liuxiao,add,v0.1,1555055461886,1555055461886,0101000020E6100000D253E41071105E40000C3B7EEF8A3F40,1750200360,{emg},1911415692244025346,320211,花样年.喜年B座,花样年.喜年B座,"",hua yang nian xi nian B zuo,江苏省,无锡市,滨湖区,"",,,,"",,"",,,,,4014,"{""type"":""Point"",""coordinates"":[120.256901,31.5427168745191]}"
,,"",,,{20200},liuxiao,add,v0.1,1555055461886,1555055461886,0101000020E6100000FFE1084F7E105E4083A6605F798B3F40,1750200449,{emg},1911415692232491011,320211,蠡园开发区创业园A2楼,蠡园开发区创业园A2楼,"",li yuan kai fa qu chuang ye yuan A er lou,江苏省,无锡市,滨湖区,"",,,,隐秀路,,872号,,,,,4015,"{""type"":""Point"",""coordinates"":[120.257709273028,31.544820748421]}"
,,"",,,{20200},liuxiao,add,v0.1,1555055461886,1555055461886,0101000020E61000008BC404357C105E400F0F72F7248B3F40,1750200474,{emg},1911415692244025347,320211,蠡园开发区创业园A4楼,蠡园开发区创业园A4楼,"",li yuan kai fa qu chuang ye yuan A si lou,江苏省,无锡市,滨湖区,"",,,,"",,"",,,,,4016,"{""type"":""Point"",""coordinates"":[120.257581,31.5435328153099]}"
,,"",,,{20200},liuxiao,add,v0.1,1555055461886,1555055461886,0101000020E6100000963E74417D105E4047F9F219E48A3F40,1750200499,{emg},1911415692244025348,320211,蠡园开发区创业园A6楼,蠡园开发区创业园A6楼,"",li yuan kai fa qu chuang ye yuan A liu lou,江苏省,无锡市,滨湖区,"",,,,隐秀路,,848号,,,,,4017,"{""type"":""Point"",""coordinates"":[120.257645,31.5425430505941]}"
,,"",,,{20200},liuxiao,add,v0.1,1555055461886,1555055461886,0101000020E61000002463B5F97F105E402A344052628B3F40,1750200518,{emg},1911415692232491012,320211,蠡园开发区创业园A3楼,蠡园开发区创业园A3楼,"",li yuan kai fa qu chuang ye yuan A san lou,江苏省,无锡市,滨湖区,"",,,,隐秀路,,866号,,,,,4018,"{""type"":""Point"",""coordinates"":[120.257811,31.5444690138576]}"
,,"",,,{20200},liuxiao,add,v0.1,1555055461886,1555055461886,0101000020E6100000E97C789620105E40F4B4414B2E8C3F40,1750379203,{emg},1911415688686206978,320211,节能环保大厦,节能环保大厦,"",jie neng huan bao da sha,江苏省,无锡市,滨湖区,"",,,,建筑西路,,99号,,,,,11009,"{""type"":""Point"",""coordinates"":[120.251989,31.5475813899438]}"
,,"",,,{20200},liuxiao,add,v0.1,1555055461886,1555055461886,0101000020E6100000B779E3A430125E4070D050B1A48B3F40,1750381121,{emg},1911415692295405575,320211,城管大楼,城管大楼,"",cheng guan da lou,江苏省,无锡市,滨湖区,河埒街道,,,,湖滨路,,653号,,,,,11011,"{""type"":""Point"",""coordinates"":[120.284219,31.5454817602444]}"
,,"",,,{20200},liuxiao,add,v0.1,1555055461886,1555055461886,0101000020E6100000E73922DFA5115E40A48BE717838F3F40,1750381341,{emg},1911415692144410625,320211,华邸国际大厦(东南门),华邸国际大厦(东南门),"",hua di guo ji da sha dong nan men,江苏省,无锡市,滨湖区,"",,,,梁清路,,118号,,,,,11014,"{""type"":""Point"",""coordinates"":[120.275749,31.5605940761849]}"
,,"",,,{20200},liuxiao,add,v0.1,1555055461886,1555055461886,0101000020E61000005A828C800A125E406D564C5F658F3F40,1750381342,{emg},1911415692124487683,320211,无锡广电大厦北门,无锡广电大厦北门,"",wu xi guang dian da sha bei men,江苏省,无锡市,滨湖区,"",,,,湖滨路,,"",,,,,11015,"{""type"":""Point"",""coordinates"":[120.281891,31.5601405679103]}"
,,"",,,{20200},liuxiao,add,v0.1,1555055461886,1555055461886,0101000020E6100000A8716F7EC3115E40B09A4754968F3F40,1750381343,{emg},1911415692143362050,320211,建工大厦南门,建工大厦南门,"",jian gong da sha nan men,江苏省,无锡市,滨湖区,"",,,,梁清路,,56号,,,,,11016,"{""type"":""Point"",""coordinates"":[120.277557,31.5608875918212]}"
,,"",,,{20200},liuxiao,add,v0.1,1555055461886,1555055461886,0101000020E610000022F44C6318125E40C1F6417F808F3F40,1750381344,{emg},1911415692124487684,320211,无锡广电大厦(北1门),无锡广电大厦(北1门),"",wu xi guang dian da sha bei yi men,江苏省,无锡市,滨湖区,"",,,,湖滨路,,4号,,,,,11017,"{""type"":""Point"",""coordinates"":[120.282738518858,31.5605544601483]}"
,,"",,,{20200},liuxiao,add,v0.1,1555055461886,1555055461886,0101000020E6100000AF27BA2EFC115E40DD393CED1A8F3F40,1750381345,{emg},1911415692121341954,320211,无锡广电大厦西门,无锡广电大厦西门,"",wu xi guang dian da sha xi men,江苏省,无锡市,滨湖区,"",,,,河埒湖滨路,,"",,,,,11018,"{""type"":""Point"",""coordinates"":[120.281017,31.5590046188389]}"
,,"",,,{20200},liuxiao,add,v0.1,1555055461886,1555055461886,0101000020E61000000846CD731E125E408BC1C2F1678F3F40,1750381346,{emg},1911415692124487685,320211,无锡广电大厦东门,无锡广电大厦东门,"",wu xi guang dian da sha dong men,江苏省,无锡市,滨湖区,"",,,,河埒湖滨路,,"",,,,,11019,"{""type"":""Point"",""coordinates"":[120.283108664,31.560179815338]}"
,,"",,,{20200},liuxiao,add,v0.1,1555055461886,1555055461886,0101000020E6100000CBD93BA3AD115E4045066886AD903F40,1750381347,{emg},1911415692142313474,320211,海鹰电子大厦南门,海鹰电子大厦南门,"",hai ying dian zi da sha nan men,江苏省,无锡市,滨湖区,"",,,,梁溪路,,18号,,,,,11020,"{""type"":""Point"",""coordinates"":[120.276223,31.5651477817503]}"
,,"",,,{20200},liuxiao,add,v0.1,1555055461886,1555055461886,0101000020E61000004C106D0772115E40F357389F86773F40,1750218712,{emg},1911415686211567617,320211,明昌大厦,明昌大厦,"",ming chang da sha,江苏省,无锡市,滨湖区,"",,,,楝泽路,,9号,,,,,4973,"{""type"":""Point"",""coordinates"":[120.272584778316,31.4668979179914]}"
,,"",,,{20200},liuxiao,add,v0.1,1555055461886,1555055461886,0101000020E61000000BED9C6681115E4007AB8CBD10793F40,1750218753,{emg},1911415686284967937,320211,人才服务大厦,人才服务大厦,"",ren cai fu wu da sha,江苏省,无锡市,滨湖区,"",,,,锦溪路,,100号,,,,,4974,"{""type"":""Point"",""coordinates"":[120.273523,31.4729116886547]}"
,,"",,,{20200},liuxiao,add,v0.1,1555055461886,1555055461886,0101000020E6100000F3FA9CDDFF125E40A63187AD297A3F40,1750219010,{emg},1911415686341591041,320211,糜巷桥工业区1号楼,糜巷桥工业区1号楼,"",mei xiang qiao gong ye qu yi hao lou,江苏省,无锡市,滨湖区,"",,,,"",,"",,,,,4976,"{""type"":""Point"",""coordinates"":[120.296866801549,31.4771984534324]}"
,,"",,,{20200},liuxiao,add,v0.1,1555055461886,1555055461886,0101000020E61000004221020EA1135E40CF4855D2067D3F40,1750219063,{emg},1911415686714884097,320211,昌兴国际金融大厦B座,昌兴国际金融大厦B座,"",chang xing guo ji jin rong da sha B zuo,江苏省,无锡市,滨湖区,"",,,,"",,"",,,,,4977,"{""type"":""Point"",""coordinates"":[120.306705,31.4883853395666]}"
,,{0510-85068877},,,{20200},liuxiao,add,v0.1,1555055461886,1555055461886,0101000020E61000008CCEFEEF9D135E40DCEB55F5357D3F40,1750219065,{emg},1911415686714884098,320211,昌兴国际金融大厦,昌兴国际金融大厦,"",chang xing guo ji jin rong da sha,江苏省,无锡市,滨湖区,"",,,,金融一街,,1号,,,,,4978,"{""type"":""Point"",""coordinates"":[120.306514738879,31.4891045889634]}"
,,"",,,{20200},liuxiao,add,v0.1,1555055461886,1555055461886,0101000020E6100000B56FC94986135E40DDE5770D257D3F40,1750219066,{emg},1911415686714884099,320211,平安财富中心,平安财富中心,"",ping an cai fu zhong xin,江苏省,无锡市,滨湖区,"",,,,金融一街,,11号,,,,,4979,"{""type"":""Point"",""coordinates"":[120.305071303096,31.4888466279716]}"
,,"",,,{20200},liuxiao,add,v0.1,1555055461886,1555055461886,0101000020E6100000740AD9068A135E40E087E0AB887D3F40,1750219069,{emg},1911415686714884100,320211,国联·金融大厦,国联·金融大厦,"",guo lian jin rong da sha,江苏省,无锡市,滨湖区,"",,,,"",,"",,,,,4980,"{""type"":""Point"",""coordinates"":[120.305299484209,31.4903666899844]}"
,,"",,,{20200},liuxiao,add,v0.1,1555055461886,1555055461886,0101000020E6100000EEEE01BA2F125E40462E6153328C3F40,1750050949,{emg},1911415692295405573,320211,苏豪国际大厦A栋,苏豪国际大厦A栋,"",su hao guo ji da sha A dong,江苏省,无锡市,滨湖区,"",,,,湖滨路,,623号,,,,,19293,"{""type"":""Point"",""coordinates"":[120.284163,31.5476429092653]}"
,,"",,,{20200},liuxiao,add,v0.1,1555055461886,1555055461886,0101000020E6100000FC23E6C9CE105E403F461E3D798F3F40,1750051216,{emg},1911415692173770753,320211,鹏程大厦,鹏程大厦,"",peng cheng da sha,江苏省,无锡市,滨湖区,"",,,,蠡溪路,,8号,,,,,19299,"{""type"":""Point"",""coordinates"":[120.262621378657,31.5604437064087]}"
,,"",,,{20200},liuxiao,add,v0.1,1555055461886,1555055461886,0101000020E610000060C4B0172E125E406708037ECA8B3F40,1750051274,{emg},1911415692295405574,320211,锦绣大厦,锦绣大厦,"",jin xiu da sha,江苏省,无锡市,滨湖区,"",,,,湖滨路,,651号,,,,,19300,"{""type"":""Point"",""coordinates"":[120.284063265442,31.546058536282]}"
,,"",,,{20200},liuxiao,add,v0.1,1555055461886,1555055461886,0101000020E6100000723ECA285E105E4018406AA85F8F3F40,1750051361,{emg},1911415688738635777,320211,无锡市滨湖区公共卫生大楼,无锡市滨湖区公共卫生大楼,"",wu xi shi bin hu qu gong gong wei sheng da lou,江苏省,无锡市,滨湖区,"",,,,隐秀路,,1588号,,,,,19303,"{""type"":""Point"",""coordinates"":[120.255747029785,31.5600533732796]}"
,,"",,,{20200},liuxiao,add,v0.1,1555055461886,1555055461886,0101000020E610000014EBC4A22F125E4092535BD4E58A3F40,1750052576,{emg},1911415692296454145,320211,仁信大厦,仁信大厦,"",ren xin da sha,江苏省,无锡市,滨湖区,"",,,,湖滨路,,789号,,,,,19304,"{""type"":""Point"",""coordinates"":[120.284157459548,31.5425694201436]}"
,,"",,,{20200},liuxiao,add,v0.1,1555055461886,1555055461886,0101000020E61000002E76FBAC32125E402C0899280B8F3F40,1750053413,{emg},1911415692124487682,320211,郊区物资大楼,郊区物资大楼,"",jiao qu wu zi da lou,江苏省,无锡市,滨湖区,"",,,,湖滨路,,20号,,,,,19305,"{""type"":""Point"",""coordinates"":[120.284343,31.558764016496]}"
,,{0510-85876177},,,{20200},liuxiao,add,v0.1,1555055461886,1555055461886,0101000020E610000052F06AE72B115E409727CC36BA8E3F40,1750053414,{emg},1911415692192645121,320211,西郊装饰写字楼,西郊装饰写字楼,"",xi jiao zhuang shi xie zi lou,江苏省,无锡市,滨湖区,"",,,,青祁路,,98号,,,,,19306,"{""type"":""Point"",""coordinates"":[120.268304686005,31.5575289009499]}"
,,"",,,{20200},liuxiao,add,v0.1,1555055461886,1555055461886,0101000020E6100000F6ECB94C4D135E407CFF3386267D3F40,1750307724,{emg},1911415687054622721,320211,海岸集团,海岸集团,"",hai an ji tuan,江苏省,无锡市,滨湖区,"",,,,"",,"",,,,,8692,"{""type"":""Point"",""coordinates"":[120.301593,31.4888690831135]}"
,,"",,,{20200},liuxiao,add,v0.1,1555055461886,1555055461886,0101000020E610000022FFBEE1C1115E407F4ACEB4DE883F40,1750201264,{emg},1911415692267094017,320211,湖滨商业街262号楼,湖滨商业街262号楼,"",hu bin shang ye jie er liu er hao lou,江苏省,无锡市,滨湖区,"",,,,"",,"",,,,,4026,"{""type"":""Point"",""coordinates"":[120.277458607216,31.5346482280388]}"
,,"",,,{20200},liuxiao,add,v0.1,1555055461886,1555055461886,0101000020E61000000B5BCB69CE115E40CA7C43F6F7883F40,1755201264,{emg},1911415692267094018,320211,湖滨商业街262号楼,湖滨商业街262号楼,"",hu bin shang ye jie er liu er hao lou,江苏省,无锡市,滨湖区,"",,,,"",,"",,,,,4028,"{""type"":""Point"",""coordinates"":[120.278223465528,31.5350335993542]}"
,,"",,,{20200},liuxiao,add,v0.1,1555055461886,1555055461886,0101000020E6100000ADBCD6C8C7115E405BC0B64AE9883F40,1750201272,{emg},1911415692267094019,320211,湖滨商业街250号楼,湖滨商业街250号楼,"",hu bin shang ye jie er wu ling hao lou,江苏省,无锡市,滨湖区,"",,,,滨湖街,,250号,,,,,4031,"{""type"":""Point"",""coordinates"":[120.277818879799,31.5348097511454]}"
,,"",,,{20200},liuxiao,add,v0.1,1555055461886,1555055461886,0101000020E610000057DE826ECE115E40F2507514F8883F40,1755201272,{emg},1911415692267094020,320211,湖滨商业街250号楼,湖滨商业街250号楼,"",hu bin shang ye jie er wu ling hao lou,江苏省,无锡市,滨湖区,"",,,,滨湖街,,250号,,,,,4035,"{""type"":""Point"",""coordinates"":[120.278224590112,31.5350353990952]}"
,,"",,,{20200},liuxiao,add,v0.1,1555055461886,1555055461886,0101000020E610000099CA4324DE115E40EE263424EB883F40,1750201556,{emg},1911415692287016961,320211,蠡湖科技大厦,蠡湖科技大厦,"",li hu ke ji da sha,江苏省,无锡市,滨湖区,"",,,,"",,"",,,,,4037,"{""type"":""Point"",""coordinates"":[120.279183450892,31.5348379733395]}"
,,"",,,{20200},liuxiao,add,v0.1,1555055461886,1555055461886,0101000020E6100000FF702C55DA155E40A89FC74B5F813F40,1750092347,{emg},1911415686872170497,320211,启航大厦,启航大厦,"",qi hang da sha,江苏省,无锡市,滨湖区,"",,,,高浪东路,,999号,,,,,546,"{""type"":""Point"",""coordinates"":[120.341450971031,31.5053603517878]}"
,,"",,,{20200},liuxiao,add,v0.1,1555055461886,1555055461886,0101000020E61000005E97B3895D105E40DADDF336818F3F40,1750093007,{emg},1911415688741781505,320211,无锡市滨湖区公共卫生大楼(东门),无锡市滨湖区公共卫生大楼(东门),"",wu xi shi bin hu qu gong gong wei sheng da lou dong men,江苏省,无锡市,滨湖区,"",,,,梁溪路,,"",,,,,547,"{""type"":""Point"",""coordinates"":[120.255709100134,31.5605654092195]}"
,,"",,,{20200},liuxiao,add,v0.1,1555055461886,1555055461886,0101000020E61000009CBF098508115E40B4D6FDFB17903F40,1750093202,{emg},1911415692170625025,320211,万达公寓,万达公寓,"",wan da gong yu,江苏省,无锡市,滨湖区,"",,,,梁溪路,,37号,,,,,548,"{""type"":""Point"",""coordinates"":[120.266145,31.5628659720157]}"
,,{0510-85807025},,,{20200},liuxiao,add,v0.1,1555055461886,1555055461886,0101000020E6100000245F09A4C4115E40F4C562C59F8F3F40,1750093448,{emg},1911415692143362049,320211,建工大厦,建工大厦,"",jian gong da sha,江苏省,无锡市,滨湖区,"",,,,梁清路,,56号,,,,,549,"{""type"":""Point"",""coordinates"":[120.277627,31.5610316625734]}"
,,"",,,{20200},liuxiao,add,v0.1,1555055461886,1555055461886,0101000020E61000001794EBD0B0115E40E3FD7908B2903F40,1750093480,{emg},1911415692142313473,320211,海鹰电子大厦,海鹰电子大厦,"",hai ying dian zi da sha,江苏省,无锡市,滨湖区,"",,,,梁溪路,,18号,,,,,550,"{""type"":""Point"",""coordinates"":[120.276416997964,31.5652165696937]}"
,,"",,,{20200},liuxiao,add,v0.1,1555055461886,1555055461886,0101000020E6100000B8AAE9C140115E409B99DE14808E3F40,1750093921,{emg},1911415692191596545,320211,名爵大厦,名爵大厦,"",ming jue da sha,江苏省,无锡市,滨湖区,"",,,,青祁路,,108号,,,,,551,"{""type"":""Point"",""coordinates"":[120.269577482405,31.556641868921]}"
,,"",,,{20200},liuxiao,add,v0.1,1555055461886,1555055461886,0101000020E6100000B28174B169105E40F1C7F68F9D8A3F40,1750094174,{emg},1911415692245073921,320211,太湖明珠·发展大厦,太湖明珠·发展大厦,"",tai hu ming zhu fa zhan da sha,江苏省,无锡市,滨湖区,"",,,,太湖西大道,,1890号,,,,,554,"{""type"":""Point"",""coordinates"":[120.256451,31.5414667108052]}"
,,"",,,{20200},liuxiao,add,v0.1,1555055461886,1555055461886,0101000020E61000008991A3BA5D105E40D7EF7B16E58B3F40,1750094175,{emg},1911415688687255554,320211,联创大厦辅楼,联创大厦辅楼,"",lian chuang da sha fu lou,江苏省,无锡市,滨湖区,"",,,,隐秀路,,"",,,,,555,"{""type"":""Point"",""coordinates"":[120.255720767722,31.5464643528538]}"
,,"",,,{20200},liuxiao,add,v0.1,1555055461886,1555055461886,0101000020E6100000D4BB783F6E105E4000E56A5FEA8B3F40,1750094221,{emg},1911415692232491009,320211,联创大厦东楼,联创大厦东楼,"",lian chuang da sha dong lou,江苏省,无锡市,滨湖区,"",,,,隐秀路,,901号,,,,,556,"{""type"":""Point"",""coordinates"":[120.256729,31.5465449939702]}"
,,"",,,{20200},liuxiao,add,v0.1,1555055461886,1555055461886,0101000020E610000053CA6B2574105E40E7EC8E18ED8B3F40,1755094221,{emg},1911415692232491010,320211,联创大厦东楼,联创大厦东楼,"",lian chuang da sha dong lou,江苏省,无锡市,滨湖区,"",,,,隐秀路,,901号,,,,,557,"{""type"":""Point"",""coordinates"":[120.257089,31.5465865467967]}"
,,{0510-85100558},,,{20200},liuxiao,add,v0.1,1555055461886,1555055461886,0101000020E61000000FA95BBC3F115E406400A171C48A3F40,1750094283,{emg},1911415692215713793,320211,润华国际大厦,润华国际大厦,"",run hua guo ji da sha,江苏省,无锡市,滨湖区,"",,,,蠡湖大道,,"",,,,,558,"{""type"":""Point"",""coordinates"":[120.269515122902,31.5420599954672]}"
,,{0510-85100558},,,{20200},liuxiao,add,v0.1,1555055461886,1555055461886,0101000020E61000000F9084FE49115E4056AB2296B58A3F40,1755094283,{emg},1911415692215713794,320211,润华国际大厦,润华国际大厦,"",run hua guo ji da sha,江苏省,无锡市,滨湖区,"",,,,蠡湖大道,,"",,,,,559,"{""type"":""Point"",""coordinates"":[120.270141248184,31.5418332895891]}"
,,{18921283233},,,{20200},liuxiao,add,v0.1,1555055461886,1555055461886,0101000020E6100000D6A9F23D23125E40C07F0973BB8B3F40,1750094350,{emg},1911415692295405571,320211,华东大厦,华东大厦,"",hua dong da sha,江苏省,无锡市,滨湖区,"",,,,湖滨路,,"",,,,,560,"{""type"":""Point"",""coordinates"":[120.283401,31.5458290003005]}"
,,"",,,{20200},liuxiao,add,v0.1,1555055461886,1555055461886,0101000020E610000026A00B9CFA135E401D7786DA10863F40,1750204323,{emg},1911415692352028673,320211,扬名奕淳大厦,扬名奕淳大厦,"",yang ming yi chun da sha,江苏省,无锡市,滨湖区,"",,,,南湖大道,,588号,,,,,4170,"{""type"":""Point"",""coordinates"":[120.312170993188,31.5236946657452]}"
,,"",,,{20200},liuxiao,add,v0.1,1555055461886,1555055461886,0101000020E610000036929B8927165E4003E45651D17F3F40,1750205849,{emg},1911415686863781889,320211,中欧科技大厦,中欧科技大厦,"",zhong ou ke ji da sha,江苏省,无锡市,滨湖区,华庄街道,,,,观山路,,"",,,,,4173,"{""type"":""Point"",""coordinates"":[120.346163179326,31.4992876851211]}"
,,"",,,{20200},liuxiao,add,v0.1,1555055461886,1555055461886,0101000020E61000003A02B859BC155E40B238C12208813F40,1750205852,{emg},1911415686873219073,320211,正方园科技大厦,正方园科技大厦,"",zheng fang yuan ke ji da sha,江苏省,无锡市,滨湖区,"",,,,高浪东路,,999-7号,,,,,4174,"{""type"":""Point"",""coordinates"":[120.339621,31.5040303918583]}"
,,"",,,{20200},liuxiao,add,v0.1,1555055461886,1555055461886,0101000020E61000000EFC333D45135E40B82168CCDD7F3F40,1750299931,{emg},1911415687037845505,320211,立信大厦,立信大厦,"",li xin da sha,江苏省,无锡市,滨湖区,"",,,,"",,"",,,,,4180,"{""type"":""Point"",""coordinates"":[120.301101017729,31.4994781259754]}"
,,"",,,{20200},liuxiao,add,v0.1,1555055461886,1555055461886,0101000020E61000003A24B55032125E407D89F3CAD18B3F40,1750381526,{emg},1911415692295405570,320211,锦绣大厦西门,锦绣大厦西门,"",jin xiu da sha xi men,江苏省,无锡市,滨湖区,"",,,,湖滨路,,651号,,,,,11263,"{""type"":""Point"",""coordinates"":[120.284321,31.5461699337552]}"
,,"",,,{20200},liuxiao,add,v0.1,1555055461886,1555055461886,0101000020E61000002CF3565D87135E401F00DF6DDE7C3F40,1750330039,{emg},1911415686715932677,320211,报业大厦,报业大厦,"",bao ye da sha,江苏省,无锡市,滨湖区,"",,,,金融二街,,2号,,,,,9206,"{""type"":""Point"",""coordinates"":[120.305137,31.4877689999995]}"
,,"",,,{20200},liuxiao,add,v0.1,1555055461886,1555055461886,0101000020E6100000A9FE2A88C5135E4003D443606A7A3F40,1750382201,{emg},1911415686697058306,320211,无锡宝能国际金融中心,无锡宝能国际金融中心,"",wu xi bao neng guo ji jin rong zhong xin,江苏省,无锡市,滨湖区,"",,,,"",,"",,,,,11299,"{""type"":""Point"",""coordinates"":[120.30893139075,31.478185669479]}"
,,{0510-85627676},,,{20200},liuxiao,add,v0.1,1555055461886,1555055461886,0101000020E61000004CC79C67EC165E407ED130350A833F40,1750210653,{emg},1911415692620464129,320211,华发传感大厦,华发传感大厦,"",hua fa chuan gan da sha,江苏省,无锡市,滨湖区,"",,,,高浪东路,,508号,,,,,4615,"{""type"":""Point"",""coordinates"":[120.358179,31.5118745083032]}"
,,"",,,{20200},liuxiao,add,v0.1,1555055461886,1555055461886,0101000020E6100000C39AEC24E4125E40053AEE81F1813F40,1750210836,{emg},1911415687023165441,320211,新东国际广场A楼,新东国际广场A楼,"",xin dong guo ji guang chang A lou,江苏省,无锡市,滨湖区,"",,,,周新中路,,188号,,,,,4684,"{""type"":""Point"",""coordinates"":[120.295174819049,31.5075913626297]}"
,,"",,,{20200},liuxiao,add,v0.1,1555055461886,1555055461886,0101000020E610000007116B7F70115E401B74024C87783F40,1750239499,{emg},1911415686291259393,320211,山水城电子商务产业园,山水城电子商务产业园,"",shan shui cheng dian zi shang wu chan ye yuan,江苏省,无锡市,滨湖区,"",,,,锦溪路,,99号,,,,,6057,"{""type"":""Point"",""coordinates"":[120.272491316373,31.4708144670477]}"
,,"",,,{20200},liuxiao,add,v0.1,1555055461886,1555055461886,0101000020E610000037C478CDAB135E40D1D75152317C3F40,1750239555,{emg},1911415686715932674,320211,嘉凯城财富中心,嘉凯城财富中心,"",jia kai cheng cai fu zhong xin,江苏省,无锡市,滨湖区,"",,,,"",,"",,,,,6058,"{""type"":""Point"",""coordinates"":[120.307361,31.4851275873005]}"
,,"",,,{20200},liuxiao,add,v0.1,1555055461886,1555055461886,0101000020E61000000842FBF199135E404BA4E2ACCC7A3F40,1750239556,{emg},1911415686698106881,320211,无锡银华金融大厦,无锡银华金融大厦,"",wu xi yin hua jin rong da sha,江苏省,无锡市,滨湖区,太湖街道,,,,立信大道,,"",,,,,6059,"{""type"":""Point"",""coordinates"":[120.306271071786,31.4796855977368]}"
,,"",,,{20200},liuxiao,add,v0.1,1555055461886,1555055461886,0101000020E6100000D2CAAD89D4135E4042776FEB557A3F40,1750239560,{emg},1911415686697058305,320211,无锡商会大厦,无锡商会大厦,"",wu xi shang hui da sha,江苏省,无锡市,滨湖区,"",,,,金融八街,,1号,,,,,6060,"{""type"":""Point"",""coordinates"":[120.309847278327,31.4778735301145]}"
,,"",,,{20200},liuxiao,add,v0.1,1555055461886,1555055461886,0101000020E610000005871744A4135E40AFBD4FBF6D7C3F40,1750246984,{emg},1911415686715932675,320211,三房巷大厦,三房巷大厦,"",san fang xiang da sha,江苏省,无锡市,滨湖区,太湖街道,,,,吴都路,,"",,,,,6068,"{""type"":""Point"",""coordinates"":[120.306901,31.4860496110611]}"
,,"",,,{20200},liuxiao,add,v0.1,1555055461886,1555055461886,0101000020E6100000954737C2A2135E4072DD8DD0597C3F40,1755246984,{emg},1911415686715932676,320211,三房巷大厦,三房巷大厦,"",san fang xiang da sha,江苏省,无锡市,滨湖区,太湖街道,,,,吴都路,,"",,,,,6069,"{""type"":""Point"",""coordinates"":[120.306809,31.4857454630232]}"
